{"cameraMode":{"drawMode":0,"name":"Shaded","section":"Shading Mode"},"sceneLighting":false,"audioPlay":false,"sceneViewState":{"m_AlwaysRefresh":false,"showFog":true,"showSkybox":false,"showFlares":true,"showImageEffects":true,"showParticleSystems":true,"showVisualEffectGraphs":true,"m_FxEnabled":true},"in2DMode":false,"pivot":{"x":27.53333282470703,"y":0.45574790239334109,"z":-8.170230865478516},"rotation":{"x":-0.15176258981227876,"y":0.02610362321138382,"z":-0.00398827763274312,"w":-0.988105297088623},"size":2.0223143100738527,"orthographic":true}