{"cameraMode":{"drawMode":0,"name":"Shaded","section":"Shading Mode"},"sceneLighting":false,"audioPlay":false,"sceneViewState":{"m_AlwaysRefresh":false,"showFog":true,"showSkybox":false,"showFlares":true,"showImageEffects":true,"showParticleSystems":true,"showVisualEffectGraphs":true,"m_FxEnabled":true},"in2DMode":false,"pivot":{"x":27.53333282470703,"y":0.45574790239334109,"z":-8.170230865478516},"rotation":{"x":-0.06233043596148491,"y":-0.03052695468068123,"z":0.0019339550053700805,"w":-0.9976314902305603},"size":2.0223143100738527,"orthographic":true}