{"cameraMode":{"drawMode":0,"name":"Shaded","section":"Shading Mode"},"sceneLighting":true,"audioPlay":false,"sceneViewState":{"m_AlwaysRefresh":false,"showFog":true,"showSkybox":true,"showFlares":true,"showImageEffects":true,"showParticleSystems":true,"showVisualEffectGraphs":true,"m_FxEnabled":true},"in2DMode":false,"pivot":{"x":26.701385498046876,"y":0.9898064136505127,"z":-1.5211085081100464},"rotation":{"x":0.06235717609524727,"y":0.010156563483178616,"z":-0.0007605619030073285,"w":0.9980677962303162},"size":2.6235299110412599,"orthographic":true}