{"cameraMode":{"drawMode":0,"name":"Shaded","section":"Shading Mode"},"sceneLighting":true,"audioPlay":false,"sceneViewState":{"m_AlwaysRefresh":false,"showFog":true,"showSkybox":true,"showFlares":true,"showImageEffects":true,"showParticleSystems":true,"showVisualEffectGraphs":true,"m_FxEnabled":true},"in2DMode":false,"pivot":{"x":-83.63324737548828,"y":-1.4131388664245606,"z":-141.02789306640626},"rotation":{"x":0.11782646179199219,"y":0.33273881673812868,"z":-0.04194480553269386,"w":0.934688925743103},"size":281.07781982421877,"orthographic":true}