{"cameraMode":{"drawMode":0,"name":"Shaded","section":"Shading Mode"},"sceneLighting":false,"audioPlay":false,"sceneViewState":{"m_AlwaysRefresh":false,"showFog":true,"showSkybox":false,"showFlares":true,"showImageEffects":true,"showParticleSystems":true,"showVisualEffectGraphs":true,"m_FxEnabled":true},"in2DMode":false,"pivot":{"x":24.46255111694336,"y":-0.26999998092651369,"z":0.4672500491142273},"rotation":{"x":0.06235717609524727,"y":0.010156563483178616,"z":-0.0007605619030073285,"w":0.9980677962303162},"size":2.1349356174468996,"orthographic":true}